<?xml version="1.0" encoding="UTF-8"?>
<!DOCTYPE mapper PUBLIC "-//mybatis.org//DTD Mapper 3.0//EN" "http://mybatis.org/dtd/mybatis-3-mapper.dtd">
<mapper namespace="com.dosunsang.dosunsang_server.dao.UserDao">

    <insert id="insertUser" parameterType="UserDto" useGeneratedKeys="true" keyProperty="id">
        insert into user (id, useremail, username, userImage) values (0, #{userEmail}, #{userName}, #{userImage})
    </insert>

    <select id="selectUser" parameterType="string" resultType="UserDto">
        select *
        from user
        where useremail = #{userEmail}
    </select>

    <select id="selectUsers" resultType="userDto">
        select *
        from user
    </select>


    <select id="selectUserId" parameterType ="int" resultType="UserDto">
        select *
        from user
        where id = #{userId}
    </select>


</mapper>